region,total_population,avg_density,country_count
Africa,1362095235,113.71626070897071,59
Americas,1020976420,194.32367479189003,56
Antarctic,1430,0.011878142760632385,5
Asia,4604594974,991.6214646207163,50
Europe,746934072,661.2405030266314,53
Oceania,43119432,118.17639694102175,27
