region,total_population,avg_density,total_area,country_count
Africa,1362095235,113.71626070897071,30318417.0,59
Americas,1020976420,194.32367479189003,42077922.2,56
Antarctic,1430,0.011878142760632385,14012111.0,5
Asia,4604594974,991.6214646207163,32138141.0,50
Europe,746934072,661.2405030266314,23084297.46,53
Oceania,43119432,118.17639694102175,8515313.0,27
